u5583327,1
u5796988,2
u6043311,3
u4844801,4
u5185691,5
u6044248,6
u5355829,7
u6096919,8
u5637400,9
u5584863,10
u6048058,11
u6033967,12
u5184066,13
u5797814,14
u5564721,15
u5797586,16
u5809292,17
u6060711,18
u5799174,19
u5567348,20
u6063844,21
u5826351,22
u6058349,23
u6050684,24
u5568252,25
u6019208,26
u6045823,27
u5562448,28
u5798677,29
u5562309,30
u5178722,31
u5182910,32
u5807641,34
u5829445,35
u5589306,37
u5013851,38
u5350448,39
u5368600,40
u6080838,41
u5370515,42
u5367091,43
u5585753,44
u5374564,45
u5798537,46
u5354030,47
u5565130,48
u5796457,50
u5589902,51
u5354826,53
u1008515,54
u5925692,55
u6048464,56
u6051421,57
u5569772,58
u6048019,59
u5643162,60
u5570825,61
u5183532,62
u6051534,63
u5542840,64
